Workbook
Name Slicer_Department: #N/A
Name Slicer_Month: #N/A
Name tblRawData: #REF!

Sheet Employees
A1: EmployeeID | B1: Name | C1: Gender | D1: DOB | E1: DOJ | F1: Department | G1: JobRole | H1: Manager | I1: EmploymentType | J1: Grade
A2: EMP001 | B2: Liam Smith | C2: Male | D2: 32888 | E2: 43862 | F2: IT | G2: Software Engineer | H2: Manish Sharma | I2: Full-Time | J2: Grade 3
A3: EMP002 | B3: Emma Smith | C3: Female | D3: 33685 | E3: 44270 | F3: HR | G3: HR Executive | H3: Anita Desai | I3: Full-Time | J3: Grade 2
A4: EMP003 | B4: Noah Smith | C4: Male | D4: 32273 | E4: 43687 | F4: Finance | G4: Accountant | H4: Suresh Kumar | I4: Full-Time | J4: Grade 3
A5: EMP004 | B5: Olivia Smith | C5: Female | D5: 34885 | E5: 44713 | F5: Operations | G5: Operations Associate | H5: Meera Nair | I5: Contract | J5: Grade 1
A6: EMP005 | B6: Oliver Smith | C6: Male | D6: 33462 | E6: 44459 | F6: IT | G6: Team Lead | H6: Manish Sharma | I6: Full-Time | J6: Grade 4
A7: EMP006 | B7: Ava Smith | C7: Female | D7: 34292 | E7: 44907 | F7: HR | G7: HR Manager | H7: Anita Desai | I7: Full-Time | J7: Grade 4
A8: EMP007 | B8: Elijah Smith | C8: Male | D8: 32867 | E8: 43105 | F8: Finance | G8: Financial Analyst | H8: Suresh Kumar | I8: Full-Time | J8: Grade 3
A9: EMP008 | B9: Sophia Smith | C9: Female | D9: 35368 | E9: 45122 | F9: Operations | G9: Operations Manager | H9: Meera Nair | I9: Full-Time | J9: Grade 4
A10: EMP009 | B10: William Smith | C10: Male | D10: 34373 | E10: 44844 | F10: IT | G10: Software Engineer | H10: Manish Sharma | I10: Part-Time | J10: Grade 2
A11: EMP010 | B11: Isabella Smith | C11: Female | D11: 35534 | E11: 45231 | F11: Finance | G11: Accountant | H11: Suresh Kumar | I11: Intern | J11: Grade 1
A12: EMP011 | B12: Liam Johnson | C12: Male | D12: 32889 | E12: 43863 | F12: IT | G12: Software Engineer | H12: Manish Sharma | I12: Full-Time | J12: Grade 3
A13: EMP012 | B13: Emma Johnson | C13: Female | D13: 33686 | E13: 44271 | F13: HR | G13: HR Executive | H13: Anita Desai | I13: Full-Time | J13: Grade 2
... A101: EMP100 | B101: Isabella Martinez | C101: Female | D101: 35543 | E101: 45240 | F101: Finance | G101: Accountant | H101: Suresh Kumar | I101: Intern | J101: Grade 1

Sheet Attendance
A1: EmployeeID | B1: Date | C1: Status | D1: InTime | E1: OutTime | F1: OvertimeHrs | G1: Attendance %
A2: EMP001 | B2: 46174 | C2: P | D2: 0.375 | E2: 0.75 | F2: 0 | G2: =IF(OR(tblAttendance.[[#This Row],[Status]]="P",tblAttendance.[[#This Row],[Status]]="WFH"),100%,IF(tblAttendance.[[#This Row],[Status]]="L",0%,IF(tblAttendance.[[#This Row],[Status]]="A",0%,0%))) -> 1
A3: EMP002 | B3: 46174 | C3: P | D3: 0.375 | E3: 0.77083333 | F3: 0.5 | G3: =IF(OR(tblAttendance.[[#This Row],[Status]]="P",tblAttendance.[[#This Row],[Status]]="WFH"),100%,IF(tblAttendance.[[#This Row],[Status]]="L",0%,IF(tblAttendance.[[#This Row],[Status]]="A",0%,0%))) -> 1
A4: EMP003 | B4: 46174 | C4: A | D4: 0 | E4: 0 | F4: 0 | G4: =IF(OR(tblAttendance.[[#This Row],[Status]]="P",tblAttendance.[[#This Row],[Status]]="WFH"),100%,IF(tblAttendance.[[#This Row],[Status]]="L",0%,IF(tblAttendance.[[#This Row],[Status]]="A",0%,0%))) -> 0
A5: EMP004 | B5: 46174 | C5: P | D5: 0.38541667 | E5: 0.75 | F5: 0 | G5: =IF(OR(tblAttendance.[[#This Row],[Status]]="P",tblAttendance.[[#This Row],[Status]]="WFH"),100%,IF(tblAttendance.[[#This Row],[Status]]="L",0%,IF(tblAttendance.[[#This Row],[Status]]="A",0%,0%))) -> 1
A6: EMP005 | B6: 46174 | C6: WFH | D6: 0.375 | E6: 0.75 | F6: 0 | G6: =IF(OR(tblAttendance.[[#This Row],[Status]]="P",tblAttendance.[[#This Row],[Status]]="WFH"),100%,IF(tblAttendance.[[#This Row],[Status]]="L",0%,IF(tblAttendance.[[#This Row],[Status]]="A",0%,0%))) -> 1
A7: EMP006 | B7: 46174 | C7: P | D7: 0.375 | E7: 0.75 | F7: 0 | G7: =IF(OR(tblAttendance.[[#This Row],[Status]]="P",tblAttendance.[[#This Row],[Status]]="WFH"),100%,IF(tblAttendance.[[#This Row],[Status]]="L",0%,IF(tblAttendance.[[#This Row],[Status]]="A",0%,0%))) -> 1
A8: EMP007 | B8: 46174 | C8: P | D8: 0.375 | E8: 0.79166667 | F8: 1 | G8: =IF(OR(tblAttendance.[[#This Row],[Status]]="P",tblAttendance.[[#This Row],[Status]]="WFH"),100%,IF(tblAttendance.[[#This Row],[Status]]="L",0%,IF(tblAttendance.[[#This Row],[Status]]="A",0%,0%))) -> 1
A9: EMP008 | B9: 46174 | C9: P | D9: 0.375 | E9: 0.75 | F9: 0 | G9: =IF(OR(tblAttendance.[[#This Row],[Status]]="P",tblAttendance.[[#This Row],[Status]]="WFH"),100%,IF(tblAttendance.[[#This Row],[Status]]="L",0%,IF(tblAttendance.[[#This Row],[Status]]="A",0%,0%))) -> 1
A10: EMP009 | B10: 46174 | C10: L | D10: 0 | E10: 0 | F10: 0 | G10: =IF(OR(tblAttendance.[[#This Row],[Status]]="P",tblAttendance.[[#This Row],[Status]]="WFH"),100%,IF(tblAttendance.[[#This Row],[Status]]="L",0%,IF(tblAttendance.[[#This Row],[Status]]="A",0%,0%))) -> 0
A11: EMP010 | B11: 46174 | C11: P | D11: 0.375 | E11: 0.75 | F11: 0 | G11: =IF(OR(tblAttendance.[[#This Row],[Status]]="P",tblAttendance.[[#This Row],[Status]]="WFH"),100%,IF(tblAttendance.[[#This Row],[Status]]="L",0%,IF(tblAttendance.[[#This Row],[Status]]="A",0%,0%))) -> 1
A12: EMP011 | B12: 46174 | C12: P | D12: 0.375 | E12: 0.75 | F12: 0 | G12: =IF(OR(tblAttendance.[[#This Row],[Status]]="P",tblAttendance.[[#This Row],[Status]]="WFH"),100%,IF(tblAttendance.[[#This Row],[Status]]="L",0%,IF(tblAttendance.[[#This Row],[Status]]="A",0%,0%))) -> 1
A13: EMP012 | B13: 46174 | C13: P | D13: 0.375 | E13: 0.75 | F13: 0 | G13: =IF(OR(tblAttendance.[[#This Row],[Status]]="P",tblAttendance.[[#This Row],[Status]]="WFH"),100%,IF(tblAttendance.[[#This Row],[Status]]="L",0%,IF(tblAttendance.[[#This Row],[Status]]="A",0%,0%))) -> 1
... A101: EMP100 | B101: 46177 | C101: P | D101: 0.375 | E101: 0.75 | F101: 0 | G101: =IF(OR(tblAttendance.[[#This Row],[Status]]="P",tblAttendance.[[#This Row],[Status]]="WFH"),100%,IF(tblAttendance.[[#This Row],[Status]]="L",0%,IF(tblAttendance.[[#This Row],[Status]]="A",0%,0%))) -> 1

Sheet Performance
A1: EmpID | B1: ReviewPeriod | C1: KRA1 | D1: KRA2 | E1: KRA3 | F1: KRA4 | G1: KRA5 | H1: ManagerScore | I1: PeerScore | J1: Awards | K1: KRA Avg | L1: PerfScore
A2: EMP001 | B2: 2026-Q1 | C2: 4 | D2: 5 | E2: 4 | F2: 3 | G2: 4 | H2: 4 | I2: 4 | J2: N | K2: =AVERAGE(tblPerformance[[#This Row],[KRA1]:[KRA5]]) -> 4 | L2: =ROUND((K2*0.6)+(H2*0.3)+(I2*0.1),2) -> 4
A3: EMP002 | B3: 2026-Q1 | C3: 5 | D3: 5 | E3: 5 | F3: 4 | G3: 5 | H3: 5 | I3: 5 | J3: Y | K3: =AVERAGE(tblPerformance[[#This Row],[KRA1]:[KRA5]]) -> 4.8 | L3: =ROUND((K3*0.6)+(H3*0.3)+(I3*0.1),2) -> 4.88
A4: EMP003 | B4: 2026-Q1 | C4: 3 | D4: 3 | E4: 4 | F4: 3 | G4: 3 | H4: 3 | I4: 3 | J4: N | K4: =AVERAGE(tblPerformance[[#This Row],[KRA1]:[KRA5]]) -> 3.2 | L4: =ROUND((K4*0.6)+(H4*0.3)+(I4*0.1),2) -> 3.12
A5: EMP004 | B5: 2026-Q1 | C5: 4 | D5: 4 | E5: 4 | F5: 4 | G5: 4 | H5: 4 | I5: 4 | J5: N | K5: =AVERAGE(tblPerformance[[#This Row],[KRA1]:[KRA5]]) -> 4 | L5: =ROUND((K5*0.6)+(H5*0.3)+(I5*0.1),2) -> 4
A6: EMP005 | B6: 2026-Q1 | C6: 2 | D6: 3 | E6: 2 | F6: 3 | G6: 2 | H6: 2 | I6: 3 | J6: N | K6: =AVERAGE(tblPerformance[[#This Row],[KRA1]:[KRA5]]) -> 2.4 | L6: =ROUND((K6*0.6)+(H6*0.3)+(I6*0.1),2) -> 2.34
A7: EMP006 | B7: 2026-Q1 | C7: 5 | D7: 4 | E7: 5 | F7: 5 | G7: 4 | H7: 5 | I7: 4 | J7: Y | K7: =AVERAGE(tblPerformance[[#This Row],[KRA1]:[KRA5]]) -> 4.6 | L7: =ROUND((K7*0.6)+(H7*0.3)+(I7*0.1),2) -> 4.66
A8: EMP007 | B8: 2026-Q1 | C8: 4 | D8: 4 | E8: 3 | F8: 4 | G8: 4 | H8: 4 | I8: 3 | J8: N | K8: =AVERAGE(tblPerformance[[#This Row],[KRA1]:[KRA5]]) -> 3.8 | L8: =ROUND((K8*0.6)+(H8*0.3)+(I8*0.1),2) -> 3.78
A9: EMP008 | B9: 2026-Q1 | C9: 3 | D9: 4 | E9: 3 | F9: 3 | G9: 4 | H9: 3 | I9: 4 | J9: N | K9: =AVERAGE(tblPerformance[[#This Row],[KRA1]:[KRA5]]) -> 3.4 | L9: =ROUND((K9*0.6)+(H9*0.3)+(I9*0.1),2) -> 3.34
A10: EMP009 | B10: 2026-Q1 | C10: 4 | D10: 5 | E10: 4 | F10: 4 | G10: 5 | H10: 4 | I10: 4 | J10: N | K10: =AVERAGE(tblPerformance[[#This Row],[KRA1]:[KRA5]]) -> 4.4 | L10: =ROUND((K10*0.6)+(H10*0.3)+(I10*0.1),2) -> 4.24
A11: EMP010 | B11: 2026-Q1 | C11: 5 | D11: 5 | E11: 4 | F11: 5 | G11: 5 | H11: 5 | I11: 5 | J11: Y | K11: =AVERAGE(tblPerformance[[#This Row],[KRA1]:[KRA5]]) -> 4.8 | L11: =ROUND((K11*0.6)+(H11*0.3)+(I11*0.1),2) -> 4.88
A12: EMP011 | B12: 2026-Q1 | C12: 3 | D12: 3 | E12: 3 | F12: 2 | G12: 3 | H12: 3 | I12: 3 | J12: N | K12: =AVERAGE(tblPerformance[[#This Row],[KRA1]:[KRA5]]) -> 2.8 | L12: =ROUND((K12*0.6)+(H12*0.3)+(I12*0.1),2) -> 2.88
A13: EMP012 | B13: 2026-Q1 | C13: 4 | D13: 4 | E13: 4 | F13: 4 | G13: 4 | H13: 4 | I13: 4 | J13: N | K13: =AVERAGE(tblPerformance[[#This Row],[KRA1]:[KRA5]]) -> 4 | L13: =ROUND((K13*0.6)+(H13*0.3)+(I13*0.1),2) -> 4
... A101: EMP100 | B101: 2026-Q1 | C101: 3 | D101: 3 | E101: 4 | F101: 3 | G101: 3 | H101: 3 | I101: 4 | J101: N | K101: =AVERAGE(tblPerformance[[#This Row],[KRA1]:[KRA5]]) -> 3.2 | L101: =ROUND((K101*0.6)+(H101*0.3)+(I101*0.1),2) -> 3.22

Sheet Holidays
A1: Date | B1: HolidayName | C1: Location_Org
A2: 46023 | B2: New Year | C2: India
A3: 46048 | B3: Republic Day | C3: India
A4: 46110 | B4: Holi | C4: India
A5: 46249 | B5: Independence Day | C5: India
A6: 46297 | B6: Gandhi Jayanti | C6: India
A7: 46315 | B7: Diwali | C7: India
A8: 46381 | B8: Christmas | C8: India

Sheet Shifts
A1: ShiftID | B1: ShiftName | C1: StartTime | D1: EndTime
A2: S1 | B2: Morning | C2: 0.375 | D2: 0.75
A3: S2 | B3: Afternoon | C3: 0.58333333 | D3: 0.95833333
A4: S3 | B4: Night | C4: 0.91666667 | D4: 0.29166667

Sheet Cleaned_Data
A1: Employee ID | B1: Employee Name | C1: Department | D1: Job Role | E1: Location | F1: Date | G1: Month | H1: Attendance Status | I1: Working Hours | J1: Overtime Hours | K1: Tasks Completed | L1: Performance Score | M1: Target Tasks | N1: Achievement % | O1: Salary | P1: Bonus Eligibility | Q1: Manager Rating | R1: Remarks
A2: EMP001 | B2: Rahul Nair | C2: Sales | D2: Sales Executive | E2: Mumbai | F2: 46007 | G2: 45992 | H2: Present | I2: 8.6 | J2: 0.7 | K2: 19 | L2: 10 | M2: 20 | N2: 0.95 | O2: 38253 | P2: Yes | Q2: 5
A3: EMP001 | B3: Rahul Nair | C3: Sales | D3: Sales Executive | E3: Mumbai | F3: 46050 | G3: 46023 | H3: Present | I3: 8.2 | J3: 2.4 | K3: 20 | L3: 8 | M3: 20 | N3: 1 | O3: 38253 | P3: Yes | Q3: 4 | R3: Strong team player
A4: EMP001 | B4: Rahul Nair | C4: Sales | D4: Sales Executive | E4: Mumbai | F4: 46059 | G4: 46054 | H4: Work From Home | I4: 8 | J4: 0.3 | K4: 18 | L4: 6 | M4: 20 | N4: 0.9 | O4: 38253 | P4: No | Q4: 2 | R4: Excellent work ethic
A5: EMP001 | B5: Rahul Nair | C5: Sales | D5: Sales Executive | E5: Mumbai | F5: 46101 | G5: 46082 | H5: Present | I5: 8 | J5: 0 | K5: 18 | L5: 7 | M5: 20 | N5: 0.9 | O5: 38253 | P5: No | Q5: 3 | R5: Excellent work ethic
A6: EMP002 | B6: Krishna Patel | C6: Sales | D6: Sales Manager | E6: Mumbai | F6: 46011 | G6: 45992 | H6: Absent | I6: 0 | J6: 0 | K6: 0 | L6: 4 | M6: 15 | N6: 0 | O6: 78543 | P6: No | Q6: 2 | R6: On track with targets
A7: EMP002 | B7: Krishna Patel | C7: Sales | D7: Sales Manager | E7: Mumbai | F7: 46031 | G7: 46023 | H7: Absent | I7: 0 | J7: 0 | K7: 0 | L7: 2 | M7: 15 | N7: 0 | O7: 78543 | P7: No | Q7: 1
A8: EMP002 | B8: Krishna Patel | C8: Sales | D8: Sales Manager | E8: Mumbai | F8: 46075 | G8: 46054 | H8: Work From Home | I8: 8 | J8: 0.9 | K8: 10 | L8: 7 | M8: 15 | N8: 0.6667 | O8: 78543 | P8: No | Q8: 3 | R8: Strong team player
A9: EMP002 | B9: Krishna Patel | C9: Sales | D9: Sales Manager | E9: Mumbai | F9: 46110 | G9: 46082 | H9: Present | I9: 8.1 | J9: 0.2 | K9: 18 | L9: 10 | M9: 15 | N9: 1.2 | O9: 78543 | P9: Yes | Q9: 4 | R9: Needs improvement
A10: EMP003 | B10: Sandeep Desai | C10: Sales | D10: Business Development Associate | E10: Mumbai | F10: 46016 | G10: 45992 | H10: Present | I10: 8.8 | J10: 0 | K10: 22 | L10: 6 | M10: 25 | N10: 0.88 | O10: 44837 | P10: No | Q10: 2
A11: EMP003 | B11: Sandeep Desai | C11: Sales | D11: Business Development Associate | E11: Mumbai | F11: 46032 | G11: 46023 | H11: Present | I11: 8.4 | J11: 1.5 | K11: 22 | L11: 8 | M11: 25 | N11: 0.88 | O11: 44837 | P11: No | Q11: 4 | R11: Frequent late coming
A12: EMP003 | B12: Sandeep Desai | C12: Sales | D12: Business Development Associate | E12: Mumbai | F12: 46054 | G12: 46054 | H12: Absent | I12: 0 | J12: 0 | K12: 0 | L12: 1 | M12: 25 | N12: 0 | O12: 44837 | P12: No | Q12: 1
A13: EMP003 | B13: Sandeep Desai | C13: Sales | D13: Business Development Associate | E13: Mumbai | F13: 46090 | G13: 46082 | H13: Absent | I13: 0 | J13: 0 | K13: 0 | L13: 1 | M13: 25 | N13: 0 | O13: 44837 | P13: No | Q13: 1
A14: EMP004 | B14: Vivaan Sharma | C14: Sales | D14: Sales Executive | E14: Mumbai | F14: 46008 | G14: 45992 | H14: Leave | I14: 0 | J14: 0 | K14: 0 | L14: 2 | M14: 20 | N14: 0 | O14: 37791 | P14: No | Q14: 1 | R14: Strong team player
A15: EMP004 | B15: Vivaan Sharma | C15: Sales | D15: Sales Executive | E15: Mumbai | F15: 46032 | G15: 46023 | H15: Work From Home | I15: 8.5 | J15: 0.4 | K15: 15 | L15: 8 | M15: 20 | N15: 0.75 | O15: 37791 | P15: No | Q15: 5 | R15: On track with targets
A16: EMP004 | B16: Vivaan Sharma | C16: Sales | D16: Sales Executive | E16: Mumbai | F16: 46073 | G16: 46054 | H16: Present | I16: 8.9 | J16: 0 | K16: 16 | L16: 8 | M16: 20 | N16: 0.8 | O16: 37791 | P16: No | Q16: 5 | R16: Consistent performer
A17: EMP004 | B17: Vivaan Sharma | C17: Sales | D17: Sales Executive | E17: Mumbai | F17: 46106 | G17: 46082 | H17: Present | I17: 8 | J17: 0.6 | K17: 13 | L17: 5 | M17: 20 | N17: 0.65 | O17: 37791 | P17: No | Q17: 3 | R17: On track with targets
A18: EMP005 | B18: Riya Agarwal | C18: Sales | D18: Sales Manager | E18: Mumbai | F18: 46021 | G18: 45992 | H18: Present | I18: 9.1 | J18: 0.7 | K18: 15 | L18: 9 | M18: 15 | N18: 1 | O18: 77597 | P18: Yes | Q18: 4 | R18: Consistent performer
A19: EMP005 | B19: Riya Agarwal | C19: Sales | D19: Sales Manager | E19: Mumbai | F19: 46038 | G19: 46023 | H19: Present | I19: 8.5 | J19: 2.3 | K19: 13 | L19: 10 | M19: 15 | N19: 0.8667 | O19: 77597 | P19: No | Q19: 3 | R19: Consistent performer
A20: EMP005 | B20: Riya Agarwal | C20: Sales | D20: Sales Manager | E20: Mumbai | F20: 46080 | G20: 46054 | H20: Work From Home | I20: 8.8 | J20: 0.9 | K20: 12 | L20: 8 | M20: 15 | N20: 0.8 | O20: 77597 | P20: No | Q20: 3 | R20: Good performance
A21: EMP005 | B21: Riya Agarwal | C21: Sales | D21: Sales Manager | E21: Mumbai | F21: 46083 | G21: 46082 | H21: Present | I21: 8.2 | J21: 1.2 | K21: 17 | L21: 9 | M21: 15 | N21: 1.1333 | O21: 77597 | P21: Yes | Q21: 4 | R21: Requires coaching
A22: EMP006 | B22: Reyansh Desai | C22: IT | D22: Software Engineer | E22: Pune | F22: 46022 | G22: 45992 | H22: Present | I22: 8 | J22: 1.7 | K22: 23 | L22: 8 | M22: 25 | N22: 0.92 | O22: 64805 | P22: Yes | Q22: 4
A23: EMP006 | B23: Reyansh Desai | C23: IT | D23: Software Engineer | E23: Pune | F23: 46038 | G23: 46023 | H23: Work From Home | I23: 8.4 | J23: 1.8 | K23: 18 | L23: 7 | M23: 25 | N23: 0.72 | O23: 64805 | P23: No | Q23: 3 | R23: On track with targets
A24: EMP006 | B24: Reyansh Desai | C24: IT | D24: Software Engineer | E24: Pune | F24: 46078 | G24: 46054 | H24: Present | I24: 7.4 | J24: 1.1 | K24: 22 | L24: 8 | M24: 25 | N24: 0.88 | O24: 64805 | P24: No | Q24: 4 | R24: Strong team player
A25: EMP006 | B25: Reyansh Desai | C25: IT | D25: Software Engineer | E25: Pune | F25: 46097 | G25: 46082 | H25: Leave | I25: 0 | J25: 0 | K25: 0 | L25: 1 | M25: 25 | N25: 0 | O25: 64805 | P25: No | Q25: 1
A26: EMP007 | B26: Anika Mehta | C26: IT | D26: System Analyst | E26: Mumbai | F26: 46000 | G26: 45992 | H26: Present | I26: 8.1 | J26: 0 | K26: 21 | L26: 8 | M26: 25 | N26: 0.84 | O26: 57307 | P26: No | Q26: 5 | R26: Requires coaching
A27: EMP007 | B27: Anika Mehta | C27: IT | D27: System Analyst | E27: Mumbai | F27: 46036 | G27: 46023 | H27: Absent | I27: 0 | J27: 0 | K27: 0 | L27: 2 | M27: 25 | N27: 0 | O27: 57307 | P27: No | Q27: 1 | R27: On track with targets
A28: EMP007 | B28: Anika Mehta | C28: IT | D28: System Analyst | E28: Mumbai | F28: 46078 | G28: 46054 | H28: Work From Home | I28: 8.3 | J28: 0 | K28: 21 | L28: 8 | M28: 25 | N28: 0.84 | O28: 57307 | P28: No | Q28: 5 | R28: Good performance
A29: EMP007 | B29: Anika Mehta | C29: IT | D29: System Analyst | E29: Mumbai | F29: 46104 | G29: 46082 | H29: Present | I29: 8.2 | J29: 1.1 | K29: 21 | L29: 6 | M29: 25 | N29: 0.84 | O29: 57307 | P29: No | Q29: 4 | R29: Strong team player
A30: EMP008 | B30: Ananya Mehta | C30: IT | D30: IT Support Engineer | E30: Bangalore | F30: 46012 | G30: 45992 | H30: Present | I30: 8.8 | J30: 1.6 | K30: 15 | L30: 9 | M30: 22 | N30: 0.6818 | O30: 39763 | P30: No | Q30: 4 | R30: On track with targets
A31: EMP008 | B31: Ananya Mehta | C31: IT | D31: IT Support Engineer | E31: Bangalore | F31: 46037 | G31: 46023 | H31: Present | I31: 8.7 | J31: 3 | K31: 15 | L31: 6 | M31: 22 | N31: 0.6818 | O31: 39763 | P31: No | Q31: 3 | R31: Good performance
A32: EMP008 | B32: Ananya Mehta | C32: IT | D32: IT Support Engineer | E32: Bangalore | F32: 46056 | G32: 46054 | H32: Present | I32: 8 | J32: 0 | K32: 19 | L32: 7 | M32: 22 | N32: 0.8636 | O32: 39763 | P32: No | Q32: 4 | R32: Requires coaching
A33: EMP008 | B33: Ananya Mehta | C33: IT | D33: IT Support Engineer | E33: Bangalore | F33: 46099 | G33: 46082 | H33: Present | I33: 7.7 | J33: 2.3 | K33: 16 | L33: 7 | M33: 22 | N33: 0.7273 | O33: 39763 | P33: No | Q33: 4 | R33: Good performance
A34: EMP009 | B34: Vihaan Iyer | C34: IT | D34: Software Engineer | E34: Pune | F34: 45992 | G34: 45992 | H34: Present | I34: 7.6 | J34: 1 | K34: 24 | L34: 8 | M34: 22 | N34: 1.0909 | O34: 63792 | P34: Yes | Q34: 4 | R34: Strong team player
A35: EMP009 | B35: Vihaan Iyer | C35: IT | D35: Software Engineer | E35: Pune | F35: 46024 | G35: 46023 | H35: Present | I35: 8.5 | J35: 1.6 | K35: 14 | L35: 5 | M35: 22 | N35: 0.6364 | O35: 63792 | P35: No | Q35: 3
A36: EMP009 | B36: Vihaan Iyer | C36: IT | D36: Software Engineer | E36: Pune | F36: 46081 | G36: 46054 | H36: Present | I36: 8.5 | J36: 1.1 | K36: 20 | L36: 7 | M36: 22 | N36: 0.9091 | O36: 63792 | P36: No | Q36: 4 | R36: On track with targets
A37: EMP009 | B37: Vihaan Iyer | C37: IT | D37: Software Engineer | E37: Pune | F37: 46089 | G37: 46082 | H37: Present | I37: 8.5 | J37: 0.1 | K37: 26 | L37: 10 | M37: 22 | N37: 1.1818 | O37: 63792 | P37: Yes | Q37: 4 | R37: Frequent late coming
A38: EMP010 | B38: Sneha Rao | C38: IT | D38: System Analyst | E38: Chennai | F38: 45998 | G38: 45992 | H38: Present | I38: 8.7 | J38: 0 | K38: 18 | L38: 10 | M38: 18 | N38: 1 | O38: 58166 | P38: Yes | Q38: 5
A39: EMP010 | B39: Sneha Rao | C39: IT | D39: System Analyst | E39: Chennai | F39: 46052 | G39: 46023 | H39: Leave | I39: 0 | J39: 0 | K39: 0 | L39: 3 | M39: 18 | N39: 0 | O39: 58166 | P39: No | Q39: 2 | R39: Requires coaching
A40: EMP010 | B40: Sneha Rao | C40: IT | D40: System Analyst | E40: Chennai | F40: 46069 | G40: 46054 | H40: Present | I40: 8.8 | J40: 2.7 | K40: 15 | L40: 7 | M40: 18 | N40: 0.8333 | O40: 58166 | P40: No | Q40: 3 | R40: Frequent late coming
A41: EMP010 | B41: Sneha Rao | C41: IT | D41: System Analyst | E41: Chennai | F41: 46107 | G41: 46082 | H41: Present | I41: 7.8 | J41: 0.7 | K41: 16 | L41: 9 | M41: 18 | N41: 0.8889 | O41: 58166 | P41: No | Q41: 5
A42: EMP011 | B42: Sandeep Malhotra | C42: HR | D42: HR Executive | E42: Chennai | F42: 45995 | G42: 45992 | H42: Present | I42: 8.3 | J42: 2.3 | K42: 20 | L42: 10 | M42: 25 | N42: 0.8 | O42: 35022 | P42: No | Q42: 5 | R42: Consistent performer
A43: EMP011 | B43: Sandeep Malhotra | C43: HR | D43: HR Executive | E43: Chennai | F43: 46036 | G43: 46023 | H43: Present | I43: 7.8 | J43: 0 | K43: 23 | L43: 8 | M43: 25 | N43: 0.92 | O43: 35022 | P43: Yes | Q43: 4
A44: EMP011 | B44: Sandeep Malhotra | C44: HR | D44: HR Executive | E44: Chennai | F44: 46055 | G44: 46054 | H44: Present | I44: 8.6 | J44: 0.7 | K44: 17 | L44: 5 | M44: 25 | N44: 0.68 | O44: 35022 | P44: No | Q44: 2 | R44: Strong team player
A45: EMP011 | B45: Sandeep Malhotra | C45: HR | D45: HR Executive | E45: Chennai | F45: 46085 | G45: 46082 | H45: Present | I45: 8.8 | J45: 1 | K45: 16 | L45: 7 | M45: 25 | N45: 0.64 | O45: 35022 | P45: No | Q45: 4
A46: EMP012 | B46: Aditya Desai | C46: HR | D46: HR Manager | E46: Delhi | F46: 46002 | G46: 45992 | H46: Work From Home | I46: 7.8 | J46: 1 | K46: 13 | L46: 7 | M46: 15 | N46: 0.8667 | O46: 75149 | P46: No | Q46: 4
A47: EMP012 | B47: Aditya Desai | C47: HR | D47: HR Manager | E47: Delhi | F47: 46030 | G47: 46023 | H47: Present | I47: 8.6 | J47: 1.9 | K47: 16 | L47: 8 | M47: 15 | N47: 1.0667 | O47: 75149 | P47: Yes | Q47: 3 | R47: On track with targets
A48: EMP012 | B48: Aditya Desai | C48: HR | D48: HR Manager | E48: Delhi | F48: 46068 | G48: 46054 | H48: Present | I48: 8.6 | J48: 1.3 | K48: 14 | L48: 10 | M48: 15 | N48: 0.9333 | O48: 75149 | P48: Yes | Q48: 5
A49: EMP012 | B49: Aditya Desai | C49: HR | D49: HR Manager | E49: Delhi | F49: 46090 | G49: 46082 | H49: Present | I49: 9 | J49: 1.8 | K49: 15 | L49: 9 | M49: 15 | N49: 1 | O49: 75149 | P49: Yes | Q49: 5
A50: EMP013 | B50: Ishita Rao | C50: HR | D50: Talent Acquisition Specialist | E50: Chennai | F50: 46006 | G50: 45992 | H50: Work From Home | I50: 7.8 | J50: 0.6 | K50: 14 | L50: 8 | M50: 18 | N50: 0.7778 | O50: 44575 | P50: No | Q50: 5 | R50: On track with targets
A51: EMP013 | B51: Ishita Rao | C51: HR | D51: Talent Acquisition Specialist | E51: Chennai | F51: 46026 | G51: 46023 | H51: Present | I51: 7.2 | J51: 1.5 | K51: 10 | L51: 5 | M51: 18 | N51: 0.5556 | O51: 44575 | P51: No | Q51: 3 | R51: On track with targets
A52: EMP013 | B52: Ishita Rao | C52: HR | D52: Talent Acquisition Specialist | E52: Chennai | F52: 46080 | G52: 46054 | H52: Present | I52: 8.3 | J52: 0 | K52: 13 | L52: 8 | M52: 18 | N52: 0.7222 | O52: 44575 | P52: No | Q52: 4
A53: EMP013 | B53: Ishita Rao | C53: HR | D53: Talent Acquisition Specialist | E53: Chennai | F53: 46111 | G53: 46082 | H53: Work From Home | I53: 8.4 | J53: 0.8 | K53: 13 | L53: 10 | M53: 18 | N53: 0.7222 | O53: 44575 | P53: No | Q53: 5 | R53: Good performance
A54: EMP014 | B54: Vivaan Singh | C54: HR | D54: HR Executive | E54: Delhi | F54: 45997 | G54: 45992 | H54: Present | I54: 7.1 | J54: 1 | K54: 15 | L54: 8 | M54: 20 | N54: 0.75 | O54: 34653 | P54: No | Q54: 4 | R54: Frequent late coming
A55: EMP014 | B55: Vivaan Singh | C55: HR | D55: HR Executive | E55: Delhi | F55: 46029 | G55: 46023 | H55: Leave | I55: 0 | J55: 0 | K55: 0 | L55: 2 | M55: 20 | N55: 0 | O55: 34653 | P55: No | Q55: 1
A56: EMP014 | B56: Vivaan Singh | C56: HR | D56: HR Executive | E56: Delhi | F56: 46059 | G56: 46054 | H56: Present | I56: 8.8 | J56: 0 | K56: 16 | L56: 7 | M56: 20 | N56: 0.8 | O56: 34653 | P56: No | Q56: 3 | R56: Excellent work ethic
A57: EMP014 | B57: Vivaan Singh | C57: HR | D57: HR Executive | E57: Delhi | F57: 46090 | G57: 46082 | H57: Leave | I57: 0 | J57: 0 | K57: 0 | L57: 4 | M57: 20 | N57: 0 | O57: 34653 | P57: No | Q57: 2 | R57: Frequent late coming
A58: EMP015 | B58: Sneha Nair | C58: HR | D58: HR Manager | E58: Pune | F58: 46001 | G58: 45992 | H58: Present | I58: 7.5 | J58: 1.7 | K58: 18 | L58: 10 | M58: 15 | N58: 1.2 | O58: 72277 | P58: Yes | Q58: 4
A59: EMP015 | B59: Sneha Nair | C59: HR | D59: HR Manager | E59: Pune | F59: 46048 | G59: 46023 | H59: Present | I59: 8 | J59: 2.1 | K59: 11 | L59: 8 | M59: 15 | N59: 0.7333 | O59: 72277 | P59: No | Q59: 4
A60: EMP015 | B60: Sneha Nair | C60: HR | D60: HR Manager | E60: Pune | F60: 46069 | G60: 46054 | H60: Present | I60: 7.7 | J60: 0.7 | K60: 4 | L60: 3 | M60: 15 | N60: 0.2667 | O60: 72277 | P60: No | Q60: 1 | R60: Needs improvement
A61: EMP015 | B61: Sneha Nair | C61: HR | D61: HR Manager | E61: Pune | F61: 46088 | G61: 46082 | H61: Absent | I61: 0 | J61: 0 | K61: 0 | L61: 1 | M61: 15 | N61: 0 | O61: 72277 | P61: No | Q61: 1 | R61: Requires coaching
A62: EMP016 | B62: Aadhya Rao | C62: Finance | D62: Financial Analyst | E62: Bangalore | F62: 46015 | G62: 45992 | H62: Present | I62: 7.4 | J62: 0.4 | K62: 19 | L62: 10 | M62: 22 | N62: 0.8636 | O62: 56032 | P62: No | Q62: 4
A63: EMP016 | B63: Aadhya Rao | C63: Finance | D63: Financial Analyst | E63: Bangalore | F63: 46033 | G63: 46023 | H63: Present | I63: 9 | J63: 0.8 | K63: 15 | L63: 7 | M63: 22 | N63: 0.6818 | O63: 56032 | P63: No | Q63: 4 | R63: Requires coaching
A64: EMP016 | B64: Aadhya Rao | C64: Finance | D64: Financial Analyst | E64: Bangalore | F64: 46069 | G64: 46054 | H64: Present | I64: 7.9 | J64: 0.9 | K64: 17 | L64: 8 | M64: 22 | N64: 0.7727 | O64: 56032 | P64: No | Q64: 4 | R64: On track with targets
A65: EMP016 | B65: Aadhya Rao | C65: Finance | D65: Financial Analyst | E65: Bangalore | F65: 46087 | G65: 46082 | H65: Present | I65: 9.3 | J65: 0 | K65: 27 | L65: 8 | M65: 22 | N65: 1.2273 | O65: 56032 | P65: Yes | Q65: 4 | R65: On track with targets
A66: EMP017 | B66: Reyansh Mehta | C66: Finance | D66: Accountant | E66: Mumbai | F66: 45994 | G66: 45992 | H66: Leave | I66: 0 | J66: 0 | K66: 0 | L66: 3 | M66: 20 | N66: 0 | O66: 44990 | P66: No | Q66: 2
A67: EMP017 | B67: Reyansh Mehta | C67: Finance | D67: Accountant | E67: Mumbai | F67: 46042 | G67: 46023 | H67: Present | I67: 7.9 | J67: 0.6 | K67: 15 | L67: 6 | M67: 20 | N67: 0.75 | O67: 44990 | P67: No | Q67: 4 | R67: Good performance
A68: EMP017 | B68: Reyansh Mehta | C68: Finance | D68: Accountant | E68: Mumbai | F68: 46066 | G68: 46054 | H68: Present | I68: 8.5 | J68: 0.1 | K68: 20 | L68: 9 | M68: 20 | N68: 1 | O68: 44990 | P68: Yes | Q68: 5 | R68: Requires coaching
A69: EMP017 | B69: Reyansh Mehta | C69: Finance | D69: Accountant | E69: Mumbai | F69: 46089 | G69: 46082 | H69: Present | I69: 8.7 | J69: 0 | K69: 15 | L69: 8 | M69: 20 | N69: 0.75 | O69: 44990 | P69: No | Q69: 4
A70: EMP018 | B70: Myra Singh | C70: Finance | D70: Finance Manager | E70: Bangalore | F70: 46011 | G70: 45992 | H70: Present | I70: 8.3 | J70: 0.9 | K70: 16 | L70: 9 | M70: 15 | N70: 1.0667 | O70: 81786 | P70: Yes | Q70: 5 | R70: Strong team player
A71: EMP018 | B71: Myra Singh | C71: Finance | D71: Finance Manager | E71: Bangalore | F71: 46041 | G71: 46023 | H71: Present | I71: 8.2 | J71: 0.6 | K71: 16 | L71: 10 | M71: 15 | N71: 1.0667 | O71: 81786 | P71: Yes | Q71: 5 | R71: Consistent performer
A72: EMP018 | B72: Myra Singh | C72: Finance | D72: Finance Manager | E72: Bangalore | F72: 46062 | G72: 46054 | H72: Present | I72: 9.1 | J72: 0.8 | K72: 15 | L72: 9 | M72: 15 | N72: 1 | O72: 81786 | P72: Yes | Q72: 5
A73: EMP018 | B73: Myra Singh | C73: Finance | D73: Finance Manager | E73: Bangalore | F73: 46092 | G73: 46082 | H73: Present | I73: 8.2 | J73: 0.9 | K73: 14 | L73: 7 | M73: 15 | N73: 0.9333 | O73: 81786 | P73: No | Q73: 5 | R73: Excellent work ethic
A74: EMP019 | B74: Priya Mehta | C74: Finance | D74: Financial Analyst | E74: Chennai | F74: 45996 | G74: 45992 | H74: Present | I74: 7.7 | J74: 0 | K74: 23 | L74: 10 | M74: 22 | N74: 1.0455 | O74: 54799 | P74: Yes | Q74: 5 | R74: Needs improvement
A75: EMP019 | B75: Priya Mehta | C75: Finance | D75: Financial Analyst | E75: Chennai | F75: 46037 | G75: 46023 | H75: Present | I75: 8.7 | J75: 0.8 | K75: 15 | L75: 7 | M75: 22 | N75: 0.6818 | O75: 54799 | P75: No | Q75: 3
A76: EMP019 | B76: Priya Mehta | C76: Finance | D76: Financial Analyst | E76: Chennai | F76: 46054 | G76: 46054 | H76: Present | I76: 8.9 | J76: 0.7 | K76: 15 | L76: 6 | M76: 22 | N76: 0.6818 | O76: 54799 | P76: No | Q76: 3 | R76: Requires coaching
A77: EMP019 | B77: Priya Mehta | C77: Finance | D77: Financial Analyst | E77: Chennai | F77: 46085 | G77: 46082 | H77: Present | I77: 8 | J77: 0 | K77: 20 | L77: 9 | M77: 22 | N77: 0.9091 | O77: 54799 | P77: Yes | Q77: 4 | R77: Good performance
A78: EMP020 | B78: Pooja Verma | C78: Finance | D78: Accountant | E78: Bangalore | F78: 46008 | G78: 45992 | H78: Present | I78: 8 | J78: 1 | K78: 13 | L78: 4 | M78: 22 | N78: 0.5909 | O78: 40262 | P78: No | Q78: 2 | R78: Consistent performer
A79: EMP020 | B79: Pooja Verma | C79: Finance | D79: Accountant | E79: Bangalore | F79: 46051 | G79: 46023 | H79: Present | I79: 8.2 | J79: 1.1 | K79: 25 | L79: 10 | M79: 22 | N79: 1.1364 | O79: 40262 | P79: Yes | Q79: 5 | R79: Good performance
A80: EMP020 | B80: Pooja Verma | C80: Finance | D80: Accountant | E80: Bangalore | F80: 46065 | G80: 46054 | H80: Present | I80: 8.3 | J80: 0 | K80: 19 | L80: 8 | M80: 22 | N80: 0.8636 | O80: 40262 | P80: No | Q80: 4 | R80: Frequent late coming
A81: EMP020 | B81: Pooja Verma | C81: Finance | D81: Accountant | E81: Bangalore | F81: 46108 | G81: 46082 | H81: Present | I81: 7.8 | J81: 1.3 | K81: 25 | L81: 10 | M81: 22 | N81: 1.1364 | O81: 40262 | P81: Yes | Q81: 5 | R81: Needs improvement
A82: EMP021 | B82: Aditya Reddy | C82: Operations | D82: Operations Executive | E82: Chennai | F82: 46011 | G82: 45992 | H82: Absent | I82: 0 | J82: 0 | K82: 0 | L82: 3 | M82: 22 | N82: 0 | O82: 40881 | P82: No | Q82: 1 | R82: Strong team player
A83: EMP021 | B83: Aditya Reddy | C83: Operations | D83: Operations Executive | E83: Chennai | F83: 46039 | G83: 46023 | H83: Present | I83: 8.4 | J83: 0.8 | K83: 19 | L83: 7 | M83: 22 | N83: 0.8636 | O83: 40881 | P83: No | Q83: 4 | R83: On track with targets
A84: EMP021 | B84: Aditya Reddy | C84: Operations | D84: Operations Executive | E84: Chennai | F84: 46063 | G84: 46054 | H84: Leave | I84: 0 | J84: 0 | K84: 0 | L84: 3 | M84: 22 | N84: 0 | O84: 40881 | P84: No | Q84: 2
A85: EMP021 | B85: Aditya Reddy | C85: Operations | D85: Operations Executive | E85: Chennai | F85: 46112 | G85: 46082 | H85: Leave | I85: 0 | J85: 0 | K85: 0 | L85: 3 | M85: 22 | N85: 0 | O85: 40881 | P85: No | Q85: 3 | R85: Needs improvement
A86: EMP022 | B86: Reyansh Bose | C86: Operations | D86: Operations Manager | E86: Pune | F86: 45995 | G86: 45992 | H86: Leave | I86: 0 | J86: 0 | K86: 0 | L86: 1 | M86: 15 | N86: 0 | O86: 73266 | P86: No | Q86: 1
A87: EMP022 | B87: Reyansh Bose | C87: Operations | D87: Operations Manager | E87: Pune | F87: 46040 | G87: 46023 | H87: Present | I87: 8.4 | J87: 3 | K87: 11 | L87: 6 | M87: 15 | N87: 0.7333 | O87: 73266 | P87: No | Q87: 3 | R87: Needs improvement
A88: EMP022 | B88: Reyansh Bose | C88: Operations | D88: Operations Manager | E88: Pune | F88: 46073 | G88: 46054 | H88: Present | I88: 7 | J88: 0.3 | K88: 11 | L88: 7 | M88: 15 | N88: 0.7333 | O88: 73266 | P88: No | Q88: 4 | R88: Consistent performer
A89: EMP022 | B89: Reyansh Bose | C89: Operations | D89: Operations Manager | E89: Pune | F89: 46088 | G89: 46082 | H89: Work From Home | I89: 9.4 | J89: 1.8 | K89: 11 | L89: 6 | M89: 15 | N89: 0.7333 | O89: 73266 | P89: No | Q89: 3 | R89: Needs improvement
A90: EMP023 | B90: Aadhya Patel | C90: Operations | D90: Process Associate | E90: Delhi | F90: 46008 | G90: 45992 | H90: Present | I90: 7.5 | J90: 2.6 | K90: 21 | L90: 9 | M90: 20 | N90: 1.05 | O90: 33143 | P90: Yes | Q90: 3
A91: EMP023 | B91: Aadhya Patel | C91: Operations | D91: Process Associate | E91: Delhi | F91: 46025 | G91: 46023 | H91: Present | I91: 9.1 | J91: 0.7 | K91: 21 | L91: 7 | M91: 20 | N91: 1.05 | O91: 33143 | P91: No | Q91: 3 | R91: Needs improvement
A92: EMP023 | B92: Aadhya Patel | C92: Operations | D92: Process Associate | E92: Delhi | F92: 46055 | G92: 46054 | H92: Present | I92: 8.3 | J92: 0.8 | K92: 15 | L92: 8 | M92: 20 | N92: 0.75 | O92: 33143 | P92: No | Q92: 3
A93: EMP023 | B93: Aadhya Patel | C93: Operations | D93: Process Associate | E93: Delhi | F93: 46102 | G93: 46082 | H93: Absent | I93: 0 | J93: 0 | K93: 0 | L93: 2 | M93: 20 | N93: 0 | O93: 33143 | P93: No | Q93: 1
A94: EMP024 | B94: Myra Mehta | C94: Operations | D94: Operations Executive | E94: Chennai | F94: 46015 | G94: 45992 | H94: Present | I94: 8.6 | J94: 1.5 | K94: 16 | L94: 4 | M94: 25 | N94: 0.64 | O94: 38509 | P94: No | Q94: 3
A95: EMP024 | B95: Myra Mehta | C95: Operations | D95: Operations Executive | E95: Chennai | F95: 46036 | G95: 46023 | H95: Present | I95: 8.5 | J95: 0.1 | K95: 28 | L95: 10 | M95: 25 | N95: 1.12 | O95: 38509 | P95: Yes | Q95: 5
A96: EMP024 | B96: Myra Mehta | C96: Operations | D96: Operations Executive | E96: Chennai | F96: 46056 | G96: 46054 | H96: Leave | I96: 0 | J96: 0 | K96: 0 | L96: 2 | M96: 25 | N96: 0 | O96: 38509 | P96: No | Q96: 2
A97: EMP024 | B97: Myra Mehta | C97: Operations | D97: Operations Executive | E97: Chennai | F97: 46110 | G97: 46082 | H97: Present | I97: 9.4 | J97: 0.6 | K97: 26 | L97: 10 | M97: 25 | N97: 1.04 | O97: 38509 | P97: Yes | Q97: 5
A98: EMP025 | B98: Diya Singh | C98: Operations | D98: Operations Manager | E98: Bangalore | F98: 46018 | G98: 45992 | H98: Present | I98: 7.7 | J98: 1.5 | K98: 16 | L98: 7 | M98: 15 | N98: 1.0667 | O98: 72174 | P98: No | Q98: 3 | R98: On track with targets
A99: EMP025 | B99: Diya Singh | C99: Operations | D99: Operations Manager | E99: Bangalore | F99: 46027 | G99: 46023 | H99: Present | I99: 7.1 | J99: 0.5 | K99: 15 | L99: 10 | M99: 15 | N99: 1 | O99: 72174 | P99: Yes | Q99: 5
A100: EMP025 | B100: Diya Singh | C100: Operations | D100: Operations Manager | E100: Bangalore | F100: 46063 | G100: 46054 | H100: Present | I100: 9.3 | J100: 0 | K100: 8 | L100: 6 | M100: 15 | N100: 0.5333 | O100: 72174 | P100: No | Q100: 3
...

Sheet EmployeeMetrics
B4: EmployeeID | C4: Name | D4: Department | E4: JobRole | F4: Manager | G4: Attendance% | H4: PresentDays | I4: AbsentDays | J4: LateMins | K4: OTHours | L4: PerfScore | M4: AttendanceFlag | N4: PerfFlag | O4: RiskTag
B5: =Employees!A2 -> EMP001 | C5: =Employees!B2 -> Liam Smith | D5: =Employees!F2 -> IT | E5: =Employees!G2 -> Software Engineer | F5: =Employees!H2 -> Manish Sharma | G5: =Attendance!G2 -> 1 | H5: =IF(OR(Attendance!C2="P",Attendance!C2="WFH"),1,0) -> 1 | I5: =IF(Attendance!C2="A",1,0) -> 0 | J5: =0 -> 0 | K5: =Attendance!F2 -> 0 | L5: =VLOOKUP(B5,Performance!$A:$L,12,FALSE) -> 4 | M5: =IF(G5<90%,"LOW","OK") -> OK | N5: =IF(L5<3,"LOW","OK") -> OK | O5: =IF(AND(G5<90%,L5<3),"High Risk",IF(G5<90%,"Attendance Risk",IF(L5<3,"Performance Risk","OK"))) -> OK
B6: =Employees!A3 -> EMP002 | C6: =Employees!B3 -> Emma Smith | D6: =Employees!F3 -> HR | E6: =Employees!G3 -> HR Executive | F6: =Employees!H3 -> Anita Desai | G6: =Attendance!G3 -> 1 | H6: =IF(OR(Attendance!C3="P",Attendance!C3="WFH"),1,0) -> 1 | I6: =IF(Attendance!C3="A",1,0) -> 0 | J6: =0 -> 0 | K6: =Attendance!F3 -> 0.5 | L6: =VLOOKUP(B6,Performance!$A:$L,12,FALSE) -> 4.88 | M6: =IF(G6<90%,"LOW","OK") -> OK | N6: =IF(L6<3,"LOW","OK") -> OK | O6: =IF(AND(G6<90%,L6<3),"High Risk",IF(G6<90%,"Attendance Risk",IF(L6<3,"Performance Risk","OK"))) -> OK
B7: =Employees!A4 -> EMP003 | C7: =Employees!B4 -> Noah Smith | D7: =Employees!F4 -> Finance | E7: =Employees!G4 -> Accountant | F7: =Employees!H4 -> Suresh Kumar | G7: =Attendance!G4 -> 0 | H7: =IF(OR(Attendance!C4="P",Attendance!C4="WFH"),1,0) -> 0 | I7: =IF(Attendance!C4="A",1,0) -> 1 | J7: =0 -> 0 | K7: =Attendance!F4 -> 0 | L7: =VLOOKUP(B7,Performance!$A:$L,12,FALSE) -> 3.12 | M7: =IF(G7<90%,"LOW","OK") -> LOW | N7: =IF(L7<3,"LOW","OK") -> OK | O7: =IF(AND(G7<90%,L7<3),"High Risk",IF(G7<90%,"Attendance Risk",IF(L7<3,"Performance Risk","OK"))) -> Attendance Risk
B8: =Employees!A5 -> EMP004 | C8: =Employees!B5 -> Olivia Smith | D8: =Employees!F5 -> Operations | E8: =Employees!G5 -> Operations Associate | F8: =Employees!H5 -> Meera Nair | G8: =Attendance!G5 -> 1 | H8: =IF(OR(Attendance!C5="P",Attendance!C5="WFH"),1,0) -> 1 | I8: =IF(Attendance!C5="A",1,0) -> 0 | J8: =0 -> 0 | K8: =Attendance!F5 -> 0 | L8: =VLOOKUP(B8,Performance!$A:$L,12,FALSE) -> 4 | M8: =IF(G8<90%,"LOW","OK") -> OK | N8: =IF(L8<3,"LOW","OK") -> OK | O8: =IF(AND(G8<90%,L8<3),"High Risk",IF(G8<90%,"Attendance Risk",IF(L8<3,"Performance Risk","OK"))) -> OK
B9: =Employees!A6 -> EMP005 | C9: =Employees!B6 -> Oliver Smith | D9: =Employees!F6 -> IT | E9: =Employees!G6 -> Team Lead | F9: =Employees!H6 -> Manish Sharma | G9: =Attendance!G6 -> 1 | H9: =IF(OR(Attendance!C6="P",Attendance!C6="WFH"),1,0) -> 1 | I9: =IF(Attendance!C6="A",1,0) -> 0 | J9: =0 -> 0 | K9: =Attendance!F6 -> 0 | L9: =VLOOKUP(B9,Performance!$A:$L,12,FALSE) -> 2.34 | M9: =IF(G9<90%,"LOW","OK") -> OK | N9: =IF(L9<3,"LOW","OK") -> LOW | O9: =IF(AND(G9<90%,L9<3),"High Risk",IF(G9<90%,"Attendance Risk",IF(L9<3,"Performance Risk","OK"))) -> Performance Risk
B10: =Employees!A7 -> EMP006 | C10: =Employees!B7 -> Ava Smith | D10: =Employees!F7 -> HR | E10: =Employees!G7 -> HR Manager | F10: =Employees!H7 -> Anita Desai | G10: =Attendance!G7 -> 1 | H10: =IF(OR(Attendance!C7="P",Attendance!C7="WFH"),1,0) -> 1 | I10: =IF(Attendance!C7="A",1,0) -> 0 | J10: =0 -> 0 | K10: =Attendance!F7 -> 0 | L10: =VLOOKUP(B10,Performance!$A:$L,12,FALSE) -> 4.66 | M10: =IF(G10<90%,"LOW","OK") -> OK | N10: =IF(L10<3,"LOW","OK") -> OK | O10: =IF(AND(G10<90%,L10<3),"High Risk",IF(G10<90%,"Attendance Risk",IF(L10<3,"Performance Risk","OK"))) -> OK
B11: =Employees!A8 -> EMP007 | C11: =Employees!B8 -> Elijah Smith | D11: =Employees!F8 -> Finance | E11: =Employees!G8 -> Financial Analyst | F11: =Employees!H8 -> Suresh Kumar | G11: =Attendance!G8 -> 1 | H11: =IF(OR(Attendance!C8="P",Attendance!C8="WFH"),1,0) -> 1 | I11: =IF(Attendance!C8="A",1,0) -> 0 | J11: =0 -> 0 | K11: =Attendance!F8 -> 1 | L11: =VLOOKUP(B11,Performance!$A:$L,12,FALSE) -> 3.78 | M11: =IF(G11<90%,"LOW","OK") -> OK | N11: =IF(L11<3,"LOW","OK") -> OK | O11: =IF(AND(G11<90%,L11<3),"High Risk",IF(G11<90%,"Attendance Risk",IF(L11<3,"Performance Risk","OK"))) -> OK
B12: =Employees!A9 -> EMP008 | C12: =Employees!B9 -> Sophia Smith | D12: =Employees!F9 -> Operations | E12: =Employees!G9 -> Operations Manager | F12: =Employees!H9 -> Meera Nair | G12: =Attendance!G9 -> 1 | H12: =IF(OR(Attendance!C9="P",Attendance!C9="WFH"),1,0) -> 1 | I12: =IF(Attendance!C9="A",1,0) -> 0 | J12: =0 -> 0 | K12: =Attendance!F9 -> 0 | L12: =VLOOKUP(B12,Performance!$A:$L,12,FALSE) -> 3.34 | M12: =IF(G12<90%,"LOW","OK") -> OK | N12: =IF(L12<3,"LOW","OK") -> OK | O12: =IF(AND(G12<90%,L12<3),"High Risk",IF(G12<90%,"Attendance Risk",IF(L12<3,"Performance Risk","OK"))) -> OK
B13: =Employees!A10 -> EMP009 | C13: =Employees!B10 -> William Smith | D13: =Employees!F10 -> IT | E13: =Employees!G10 -> Software Engineer | F13: =Employees!H10 -> Manish Sharma | G13: =Attendance!G10 -> 0 | H13: =IF(OR(Attendance!C10="P",Attendance!C10="WFH"),1,0) -> 0 | I13: =IF(Attendance!C10="A",1,0) -> 0 | J13: =0 -> 0 | K13: =Attendance!F10 -> 0 | L13: =VLOOKUP(B13,Performance!$A:$L,12,FALSE) -> 4.24 | M13: =IF(G13<90%,"LOW","OK") -> LOW | N13: =IF(L13<3,"LOW","OK") -> OK | O13: =IF(AND(G13<90%,L13<3),"High Risk",IF(G13<90%,"Attendance Risk",IF(L13<3,"Performance Risk","OK"))) -> Attendance Risk
B14: =Employees!A11 -> EMP010 | C14: =Employees!B11 -> Isabella Smith | D14: =Employees!F11 -> Finance | E14: =Employees!G11 -> Accountant | F14: =Employees!H11 -> Suresh Kumar | G14: =Attendance!G11 -> 1 | H14: =IF(OR(Attendance!C11="P",Attendance!C11="WFH"),1,0) -> 1 | I14: =IF(Attendance!C11="A",1,0) -> 0 | J14: =0 -> 0 | K14: =Attendance!F11 -> 0 | L14: =VLOOKUP(B14,Performance!$A:$L,12,FALSE) -> 4.88 | M14: =IF(G14<90%,"LOW","OK") -> OK | N14: =IF(L14<3,"LOW","OK") -> OK | O14: =IF(AND(G14<90%,L14<3),"High Risk",IF(G14<90%,"Attendance Risk",IF(L14<3,"Performance Risk","OK"))) -> OK
B15: =Employees!A12 -> EMP011 | C15: =Employees!B12 -> Liam Johnson | D15: =Employees!F12 -> IT | E15: =Employees!G12 -> Software Engineer | F15: =Employees!H12 -> Manish Sharma | G15: =Attendance!G12 -> 1 | H15: =IF(OR(Attendance!C12="P",Attendance!C12="WFH"),1,0) -> 1 | I15: =IF(Attendance!C12="A",1,0) -> 0 | J15: =0 -> 0 | K15: =Attendance!F12 -> 0 | L15: =VLOOKUP(B15,Performance!$A:$L,12,FALSE) -> 2.88 | M15: =IF(G15<90%,"LOW","OK") -> OK | N15: =IF(L15<3,"LOW","OK") -> LOW | O15: =IF(AND(G15<90%,L15<3),"High Risk",IF(G15<90%,"Attendance Risk",IF(L15<3,"Performance Risk","OK"))) -> Performance Risk
B16: =Employees!A13 -> EMP012 | C16: =Employees!B13 -> Emma Johnson | D16: =Employees!F13 -> HR | E16: =Employees!G13 -> HR Executive | F16: =Employees!H13 -> Anita Desai | G16: =Attendance!G13 -> 1 | H16: =IF(OR(Attendance!C13="P",Attendance!C13="WFH"),1,0) -> 1 | I16: =IF(Attendance!C13="A",1,0) -> 0 | J16: =0 -> 0 | K16: =Attendance!F13 -> 0 | L16: =VLOOKUP(B16,Performance!$A:$L,12,FALSE) -> 4 | M16: =IF(G16<90%,"LOW","OK") -> OK | N16: =IF(L16<3,"LOW","OK") -> OK | O16: =IF(AND(G16<90%,L16<3),"High Risk",IF(G16<90%,"Attendance Risk",IF(L16<3,"Performance Risk","OK"))) -> OK
... B104: =Employees!A101 -> EMP100 | C104: =Employees!B101 -> Isabella Martinez | D104: =Employees!F101 -> Finance | E104: =Employees!G101 -> Accountant | F104: =Employees!H101 -> Suresh Kumar | G104: =Attendance!G101 -> 1 | H104: =IF(OR(Attendance!C101="P",Attendance!C101="WFH"),1,0) -> 1 | I104: =IF(Attendance!C101="A",1,0) -> 0 | J104: =0 -> 0 | K104: =Attendance!F101 -> 0 | L104: =VLOOKUP(B104,Performance!$A:$L,12,FALSE) -> 3.22 | M104: =IF(G104<90%,"LOW","OK") -> OK | N104: =IF(L104<3,"LOW","OK") -> OK | O104: =IF(AND(G104<90%,L104<3),"High Risk",IF(G104<90%,"Attendance Risk",IF(L104<3,"Performance Risk","OK"))) -> OK

Sheet Pivot table
A1: Row Labels | B1: Total Employees
A2: Finance | B2: 20
A3: HR | B3: 20
A4: IT | B4: 20
A5: Operations | B5: 20
A6: Sales | B6: 20
A7: Grand Total | B7: 100
A12: Row Labels | B12: Average of Performance Score
A13: Finance | B13: 7.9
A14: HR | B14: 6.9
A15: IT | B15: 6.8
A16: Operations | B16: 5.85
A17: Sales | B17: 6.45
A18: Grand Total | B18: 6.78
A23: Row Labels | B23: Count of Attendance Status
A24: Absent | B24: 8
A25: Leave | B25: 10
A26: Present | B26: 72
A27: Work From Home | B27: 10
A28: Grand Total | B28: 100
A32: Row Labels | B32: Average of Performance Score
A33: 45992 | B33: 7.08
A34: 46023 | B34: 6.8
A35: 46054 | B35: 6.64
A36: 46082 | B36: 6.6
A37: Grand Total | B37: 6.78
A40: Row Labels | B40: Sum of Tasks Completed | C40: Sum of Target Tasks
A41: Finance | B41: 344 | C41: 404
A42: HR | B42: 248 | C42: 372
A43: IT | B43: 324 | C43: 448
A44: Operations | B44: 231 | C44: 388
A45: Sales | B45: 248 | C45: 380
A46: Grand Total | B46: 1395 | C46: 1992
A51: Row Labels | B51: Average of Overtime Hours
A52: Finance | B52: 0.545
A53: HR | B53: 0.92
A54: IT | B54: 0.99
A55: Operations | B55: 0.71
A56: Sales | B56: 0.605
A57: Grand Total | B57: 0.754
A61: Row Labels | B61: Average of Performance Score
A62: Riya Agarwal | B62: 9
A63: Myra Singh | B63: 8.75
A64: Aditya Desai | B64: 8.5
A65: Aadhya Rao | B65: 8.25
A66: Pooja Verma | B66: 8
A67: Priya Mehta | B67: 8
A68: Ishita Rao | B68: 7.75
A69: Rahul Nair | B69: 7.75
A70: Sandeep Malhotra | B70: 7.5
A71: Vihaan Iyer | B71: 7.5
A72: Sneha Rao | B72: 7.25
A73: Ananya Mehta | B73: 7.25
... A87: Grand Total | B87: 6.78
A92: Row Labels | B92: Count of EmployeeID
A93: LOW | B93: 5
A94: OK | B94: 95
A95: Grand Total | B95: 100
A100: Row Labels | B100: Count of EmployeeID
A101: LOW | B101: 15
A102: OK | B102: 85
A103: Grand Total | B103: 100
A107: Row Labels | B107: Count of EmployeeID
A108: Attendance Risk | B108: 2
A109: High Risk | B109: 3
A110: OK | B110: 83
A111: Performance Risk | B111: 12
A112: Grand Total | B112: 100
A116: Average of Attendance%
A117: 0.95

Sheet Dashboard
F3: HR ANALYTICS DASHBOARD
B6: HEADCOUNT | E6: AVG ATTENDANCE % (SELECTED MONTH) | H6: AVG PERFORMANCE SCORE | K6: HIGH RISK EMPLOYEES
B7: =GETPIVOTDATA("Employee ID",'Pivot table'!$A$1) -> 100 | E7: =GETPIVOTDATA("Attendance%",'Pivot table'!$A$116) -> 0.95 | H7: =GETPIVOTDATA("Performance Score",'Pivot table'!$A$12) -> 6.78 | K7: =GETPIVOTDATA("EmployeeID",'Pivot table'!$A$107,"RiskTag","High Risk") -> 3
B10: HIGH PERFORMERS (Score >= 4) | E10: LOW PERFORMERS (Score < 3) | H10: AVG OVERTIME HRS / EMPLOYEE | K10: TOTAL ABSENCES (SELECTED MONTH)
B11: =GETPIVOTDATA("EmployeeID",'Pivot table'!$A$100,"PerfFlag","OK") -> 85 | E11: =GETPIVOTDATA("EmployeeID",'Pivot table'!$A$100,"PerfFlag","LOW") -> 15 | H11: =GETPIVOTDATA("Overtime Hours",'Pivot table'!$A$51) -> 0.754 | K11: =GETPIVOTDATA("Attendance Status",'Pivot table'!$A$23,"Attendance Status","Absent") -> 8

Sheet Lists
A1: Status | B1: EmpType | C1: Awards | D1: Departments
A2: P | B2: Full-Time | C2: Y | D2: HR
A3: A | B3: Part-Time | C3: N | D3: Finance
A4: L | B4: Contract | D4: IT
A5: WFH | B5: Intern | D5: Operations
A6: WO
A7: H
